"","name","coefficient"
"1","(Intercept)",-2.94245526870876
"5","GFAP",0.0316753297133871
"14","pTau-231",0.0629727308260382
"6","IGFBP7",0.0675537433003389
"7","NEFH",0.0870355009221242
"10","TREM1",0.195946363487577
"3","CHI3L1",0.294006771682912
"13","pTau-181",0.325238424633015
"4","FABP3",0.374290507379352
"9","TNFSF15",0.394822072366663
"8","NEFL",0.474044505358076
"12","VEGFD",0.497331177590495
"11","TREM2",0.786096167977875
"2","CCL11",1.03835318962997
