"","name","coefficient"
"1","(Intercept)",-70.3314304510419
"7","TNFSF15",0.0317248113960573
"9","pTau-181",0.0581607490877731
"5","NEFH",0.158611195547619
"4","FABP3",0.312467629358755
"3","CHI3L1",0.444552888035039
"6","NEFL",1.52629327455408
"8","TREM2",2.7793771541038
"2","CCL11",4.05179612498053
