"","name","coefficient"
"6","IGFBP7",0.0316246678967301
"5","GFAP",0.0459661956062803
"14","pTau-231",0.0525958251147285
"10","TREM1",0.151973124801418
"9","TNFSF15",0.238927994655313
"13","pTau-181",0.2768989233496
"7","NEFH",0.296082303688214
"12","VEGFD",0.374261826461192
"4","FABP3",0.387338988595669
"3","CHI3L1",0.396953804638064
"8","NEFL",0.66509639238608
"11","TREM2",0.740268451031509
"2","CCL11",0.835501010334444
"1","(Intercept)",59.3679257769341
