"","name","coefficient"
"7","TNFSF15",0.0191983835205674
"9","pTau-181",0.0495164395836175
"4","FABP3",0.323360847092063
"5","NEFH",0.539572561436736
"3","CHI3L1",0.600213931326283
"6","NEFL",2.14142794432828
"8","TREM2",2.61734544005395
"2","CCL11",3.26023918441163
"1","(Intercept)",59.2379732518607
