"","name","coefficient"
"5","GFAP",0.316615667954633
"10","pTau-181",0.452592261268655
"4","FABP3",0.483350959533214
"8","TNFSF15",0.765902846287175
"3","CHI3L1",1.17385884086979
"6","NEFH",1.31400957407931
"7","NEFL",2.23852008758813
"9","TREM2",3.05999989833326
"2","CCL11",3.87827155042082
"1","(Intercept)",59.1843516258475
