"","name","coefficient"
"3","NEFL",0.576656314754737
"4","TREM2",0.929123183459646
"2","CCL11",1.27777712606283
"1","(Intercept)",59.3740062446646
