"","name","coefficient"
"9","TREM1",0.13326186594254
"5","GFAP",0.200681932260488
"12","pTau-181",0.490127488753819
"11","VEGFD",0.553241795298043
"8","TNFSF15",0.582578589221884
"4","FABP3",0.647006122136157
"6","NEFH",0.707536303758384
"3","CHI3L1",0.813583060778937
"7","NEFL",1.29062713071274
"10","TREM2",1.5261758973686
"2","CCL11",1.79968821312934
"1","(Intercept)",59.2955759759885
