"","name","coefficient"
"4","NEFH",0.0779795759499375
"3","CHI3L1",0.117518141385447
"5","NEFL",2.51247255016143
"6","TREM2",2.93305468596794
"2","CCL11",3.65288905822749
"1","(Intercept)",59.2210473245411
