"","name","coefficient"
"5","GFAP",0.154931601528302
"10","VEGFD",0.229711562211279
"11","pTau-181",0.440622763385475
"4","FABP3",0.625704022345205
"8","TNFSF15",0.645872145860576
"6","NEFH",0.975689604255039
"3","CHI3L1",1.01997669748782
"7","NEFL",1.89488022488906
"9","TREM2",2.37273829462227
"2","CCL11",2.93616283803036
"1","(Intercept)",59.2362647507881
