"","name","coefficient"
"1","(Intercept)",-35.5585131825312
"3","CHI3L1",0.0311400771686984
"4","GFAP",0.256990601372404
"5","NEFL",1.76182655281262
"2","CCL11",1.80782192743648
"6","TREM2",3.10268742381922
