"","name","coefficient"
"1","(Intercept)",-104.145073154026
"4","FABP3",0.119468879640635
"6","NEFH",0.436143974828047
"3","CHI3L1",0.889400914279659
"5","GFAP",1.37691272618838
"7","NEFL",1.41059957601761
"2","CCL11",3.40379906193743
"8","TREM2",4.16798760361412
