"","name","coefficient"
"7","TNFSF15",0.292327553152467
"5","NEFH",0.465742251462389
"4","GFAP",0.523007531679264
"3","CHI3L1",0.711924444248128
"6","NEFL",2.20345935386115
"8","TREM2",3.06973553193293
"2","CCL11",4.7271060050592
"1","(Intercept)",59.3202658236352
