"","name","coefficient"
"5","NEFH",0.0928841201936582
"4","GFAP",0.104293710253801
"3","CHI3L1",0.468093868035374
"6","NEFL",2.41914979248119
"7","TREM2",2.87899340633092
"2","CCL11",4.53689555969248
"1","(Intercept)",59.3239012301985
