"","name","coefficient"
"2","AGRP",-0.891324522640142
"6","FABP3",0.542219377056094
"4","CCL13",0.988865540963731
"10","TNFSF15",1.58288046356658
"5","CHI3L1",1.60678737711273
"8","NEFH",1.6285169108117
"9","NEFL",1.76446357820575
"7","GFAP",1.92783685605495
"11","TREM2",3.2451763092034
"3","CCL11",4.5563809153501
"1","(Intercept)",59.3191857455789
