"","name","coefficient"
"1","(Intercept)",-34.6505058924694
"4","FABP3",0.132420837952894
"5","NEFH",0.186171360954094
"3","CHI3L1",0.306553784293869
"8","VEGFD",0.411999351148834
"6","NEFL",1.56014834006488
"7","TREM2",1.86678332863859
"2","CCL11",2.396117878127
