"","name","coefficient"
"11","pTau-181",0.0472367420874644
"8","TNFSF15",0.0702061792230896
"10","VEGFD",0.33797968984311
"6","NEFH",0.39582525343543
"4","FABP3",0.53203477186629
"5","GFAP",0.625578397202737
"3","CHI3L1",1.12338670134128
"7","NEFL",1.44276704424633
"2","CCL11",1.58594466427416
"9","TREM2",2.21572022691581
"1","(Intercept)",59.3058508808866
