"","name","coefficient"
"2","AGRP",-0.222146666843576
"11","TREM1",0.0998047279566283
"14","pTau-181",0.208431476552703
"13","VEGFD",0.282727917174755
"6","FABP3",0.575503122081181
"4","CCL13",1.01057091533821
"8","NEFH",1.44183735997629
"5","CHI3L1",1.44238641494799
"10","TNFSF15",1.51441522213961
"7","GFAP",1.56763916986895
"9","NEFL",1.61438866874917
"12","TREM2",2.58066332494557
"3","CCL11",3.53872762956981
"1","(Intercept)",59.3208577578369
