"","name","coefficient"
"11","VEGFD",0.12517441827011
"3","CCL13",0.176821090826459
"5","FABP3",0.270263616610221
"6","GFAP",0.738149785573816
"7","NEFH",0.738656798186498
"9","TNFSF15",0.811806696537272
"4","CHI3L1",0.93648525799799
"8","NEFL",1.67935420526515
"10","TREM2",2.26453412195721
"2","CCL11",3.15354432580506
"1","(Intercept)",59.3154629943064
