"","name","coefficient"
"2","AGRP",-0.0361005046573556
"6","FABP3",0.385819706418165
"4","CCL13",0.859777047707088
"10","TNFSF15",1.4260397012995
"5","CHI3L1",1.45089299158011
"8","NEFH",1.46988288996702
"7","GFAP",1.65047655697658
"9","NEFL",1.67246467254818
"11","TREM2",3.00914050736047
"3","CCL11",4.19935241503556
"1","(Intercept)",59.3223780223718
