"","name","coefficient"
"3","CHI3L1",0.182723505927355
"2","CCL11",1.13592665578132
"4","NEFL",1.67371848854983
"5","TREM2",3.23442085055947
"1","(Intercept)",59.2948409928134
