"","name","coefficient"
"3","CHI3L1",0.0420438346983527
"4","GFAP",0.372936299591773
"2","CCL11",1.45464670592115
"5","NEFL",2.47188707187009
"6","TREM2",2.92180741597286
"1","(Intercept)",59.2786237212655
