"","name","coefficient"
"4","FABP3",0.123633792726051
"3","CHI3L1",1.20082634407022
"6","NEFH",1.48369931164487
"7","NEFL",1.97910676847098
"5","GFAP",1.99813041497732
"2","CCL11",2.73883451567921
"8","TREM2",3.9250028850577
"1","(Intercept)",59.3684557760772
