"","name","coefficient"
"2","AGRP",-0.123978992934409
"9","TNFSF15",0.180987950682792
"5","FABP3",0.527963156219172
"8","NEFL",1.54802293865585
"4","CHI3L1",1.60785277931145
"7","NEFH",2.06864719082931
"6","GFAP",2.6578284024756
"3","CCL11",3.12426632701395
"10","TREM2",4.07475664033219
"1","(Intercept)",59.4042153086349
