"","name","coefficient"
"3","NEFL",0.0242533425788509
"4","TREM2",0.183171107203614
"2","CCL11",0.511602612665248
"1","(Intercept)",49.352443631554
