"","name","coefficient"
"2","AGRP",-0.856947786386923
"10","SDC1",-0.833422896328302
"5","CD63",-0.0390067559162154
"13","VEGFD",0.253293647681675
"11","TNFSF15",0.660889623298248
"4","CCL13",0.66268101249722
"7","GFAP",1.46603968226317
"6","CHI3L1",1.52752547017844
"8","NEFH",2.12461948052628
"9","NEFL",3.45022328873349
"12","TREM2",3.74992590566358
"3","CCL11",3.89362304794512
"1","(Intercept)",59.3025634574878
