"","name","coefficient"
"15","pTau-231",0.0320508864063508
"3","CCL13",0.0376559217778158
"7","IGFBP7",0.0422006116719481
"10","TNFSF15",0.104792765888006
"14","pTau-181",0.199519336761018
"6","GFAP",0.242476468478471
"11","TREM1",0.276017691439973
"5","FABP3",0.386604968973789
"4","CHI3L1",0.412468479087766
"13","VEGFD",0.45481671291249
"8","NEFH",0.470957737543885
"12","TREM2",0.782484663027187
"2","CCL11",0.844044663554979
"9","NEFL",0.884670087603054
"1","(Intercept)",59.2963233705422
