"","name","coefficient"
"4","GFAP",0.562698095389742
"3","CHI3L1",0.815836918093316
"5","NEFH",1.52712679911047
"7","TREM2",3.31962746755897
"6","NEFL",3.50062293532538
"2","CCL11",3.67862678189592
"1","(Intercept)",59.3349304329309
