"","name","coefficient"
"2","NEFL",0.311797838715604
"3","TREM2",1.97841184183608
"1","(Intercept)",29.6679974628615
