"","name","coefficient"
"4","FABP3",0.137037281016806
"8","VEGFD",0.310046175686891
"3","CHI3L1",0.41389417769224
"5","NEFH",0.633328295328351
"7","TREM2",1.75795387307068
"2","CCL11",1.92801344287194
"6","NEFL",2.18892745477659
"1","(Intercept)",59.321525498576
